"","Insult","Comment"
"1","1","""Be careful,Jimbo.OG has a fork with your name on it."""
"2","1","""@tonnyb  Or they just don't pay attention """
"3","1","""FOR SOME REASON U SOUND RETARDED. LOL. DAMN. WHERE U BEEN NEGRO"""
"4","1","""Head's up warning...another source of funding for Media Matters is Peter Lewis of the Progessive Insurance Company. You know, those auto insurance commercials that run every 5 minutes on cable television featuring the gal who looks like a blow-up doll with red lips and\\xc2\\xa0a perfectly round mouth...if you know what I mean.\\nIF you have Progressive\\xc2\\xa0auto insurance, just know that part of your premium is going to fund a progressive liberal\\xc2\\xa0organization hell bent\\xc2\\xa0on destroying\\xc2\\xa0our country and our free speech. Their mission is to\\xc2\\xa0bring down\\xc2\\xa0Hannity,Beck,Dobbs,Lavin,Limbaugh,Boortz,etc. We must not let them win."""
"5","1","""Fast & furious didn't work out like they planned did it?.............lololololololol"""
"6","0","""Aimless Abe you are a delusion weirdo that should be locked up inside and kept away from computers.\xa0 Anyone who doubts the lunacy of Abe the moronic prog frog from NYC please read this thread and you will see Abe completely come apart from the seams and go off the deep end."""
"7","1","""OKC should work out a deal to get a PG who plays more like Parker or CP3.  I think Nash at the point, and move Westbrook to SG that team would be unstoppable.  Imagine the shots Nash would create for Durant.  Then Westbrook would be at his natural position too, the guy doesn't create shots or distribute."""
"8","0","""um\n\xa0\nholy fuck i need a cigarette"""
"9","1","""You seem wistful."""
"10","1","""Why should they bother improving ios if they sell more phones than they care to produce. These advice are better served to the also-runs... wp first and foremost"""
"11","1","""Surely will be a crushing blow, when he doesn't get the next four years, would you consider leaving the country????????????????"""
"12","1","""@beeline @SidneyCatsby ...I'm assuming you are in school in the states."""
"13","0","""YOLO. This is hilarious. Canyon students are so racist! Even though most of us are Mexican! Fuck gabby!"""
"14","0","""and retards like you back to the institutions."""
"15","0","""Exactly. Like, I don't really give a shit how fat a person may or may not feel, but it really is shitty when your clothes don't fit. And not in a ""I'm so gross"" way but in a ""I can't very well leave the house naked!!"" way."""
"16","1","""Oh fab - we have a tennis player who has a sense of humour and who can smile. Mr Murray please note. Mind you he has left it too late to cheer up. Misery guts"""
"17","1","""You are repeating yourself, mate."""
"18","1","""You are one sick puppy."""
"19","1","""@Childerz\xa0\xa0@koosh12684\xa0\xa0@jwoude23\xa0\xa0@welfarecheese\xa0\xa0@SDL\xa0\xa0@Nonstopdrivel\xa0\n\xa0\nRight on. As long as we are both open and honest about how we come to our own conclusions, I couldn't give a shit if we disagree."""
"20","1","""@Blaine Jungwirth definitely thought that only deserved a 2, but hey, I takes what I gets!"""
"21","1","""Are you attempting to be kinky here?\xa0 You have some kind of fetish?"""
"22","0","""You get the gold star!The best post I've seen on here in months!!Hilarious...Great job,Canadian!PS I think we need you to come down here.I'll sponsor you!!"""
"23","1","""This is someone whose self-importance got the best of him. If anyone should be fired it would be Tate. This kind of behavior is inexcusable and unbecoming of a man who holds the futures of many employees in his hand."""
"24","0","""With inbreeds being the longest running malcontents."""
"25","1","""@nilbymouth \\n\\nYou are right concerning Campbell.  My bad.  The QB carosel has me mixed up.  Anyways, I still don't like Knapp and think we went that road with him once before and do not need to revisit it again.  Cable obviously did not think too high of him if he stripped his playcalling duties and decided to call the plays himself.  If Knapp was truely great at what he does, he would have had some positive influence on this team with his quarterbacks, and in my opinion, he didn't....Carson Palmer needs a guy like Saunders whose offensive connection to him is undeniable..."""
"26","1","""If they deleted his post, I wold surely be banned for my flaming all over Joe. :)"""
"27","1","""What the hell are you talking about?"""
"28","0","""people dancing, drinking, having fun at the clubs in miami\n\n""Life is good in miami, Heat won!!!! lets get drunk""\n\n--Heat fans"""
"29","0","""Headlines going to be in a few months, Mark WRIGHT reject back home"""
"30","1","""How the fuck do you have Orange Beef but not Orange chicken?"""
"31","1","""The Korem foundation will never see another dollar from me."""
"32","1","""I just did it, but for some reason it's not registering, maybe needs some time."""
"33","0","""Yo this my nigga right here! my n my boi lil b fuck bitches on the regular, we fucking everyone bitches. tell yo boys that yo bitches aint safe when Mel Gibson n Lil B rollin out on a bitch hunt"""
"34","0","""\\xc2\\xa0""It means the world isn\\'t changing, it means the world has already \\nchanged,"" Steven Goldstein, chairman of the gay rights group Garden \\nState Equality.\\xc2\\xa0 BUT, right is right and wrong is still wrong!"""
"35","1","""@SlipResistantShoes\xa0In a few years, they'll make a damn movie about it?\n\xa0\nUncle Daddy Rides Again?"""
"36","0","""We can tell by their mugshots who is Pinky and who is Brain...lol"""
"37","1","""If you want to lick Jewish ass, go do it in Jerusalem. but stop using this country you Israel-first traitor."""
"38","1","""Actually the Packer still have the rights to Jolly."""
"39","1","""Simply terrible.\xa0 Cop should be fired."""
"40","1","""I dont know about a high chance, but definitely a chance."""
"41","1","""Can we have your address so that when you die we can all come and pay our respects, and then urinate into your urn before they flush it?"""
"42","1","""If only it could be your rectum, right?"""
"43","0","""Finally? Where have you been the past few years? Phils played hurt in 2010 and 2011."""
"44","0","""Just like the media has ventured to compare MAnu to Kobe, but where were you then?"""
"45","1","""Man I see why you celtics claim to be classy."""
"46","1","""<blockquote>                        Little girl, you, YOU of all people make that statement. How dare you after all your feminist/misogynist bullshit.\n\n\nOh, and toots, anytime you want to try anf follow me up a 21,000 foot\n mountain at 64 degrees North Latitude and not whine, bitch, complain or\n get cramps, you just go ahead and sign up. \n\n\nYou are a nypocrtical piece of shit. And anytime sweetheart. Anyplace\n on the planet. You think you have a bteer pain threshold or the ability\n to follow along in my footsteps, you just raise your delicate little \nhand. The first whine oir moan out of youy when in the field, and I will\n have a dozen cameras on you and make sure the world knows what a whimpy\n little hypocrite you are.\n\n\nPussy.</blockquote>\n\nFuck you.\n\nDon't call me ""toots"".\n\nI'm disabled, and CAN'T follow you up a mountain of ANY size.\n\nI also deal with CHRONIC FUCKING PAIN, DAY IN, DAY OUT.\n\nMeow meow, fuckstain."""
"47","1","""Mine too. So I just assume all the time over what it was. \n\nMost of the time, they are correct assumptions."""
"48","1","""I Made a Joke.....A Joke you did not get.... A pun on color if you will.\nYou need to Relax.  Look at my Pic.  I'm a white guy calling white coaches dumb....If you cant get that, then you must be 10 y/o."""
"49","1","""Here he is explaining how they tried to have him killed for propaganda purposes.\n\nhttps://www.youtube.com/watch?v=NXeXl1SDU8c&feature=plcp"""
"50","1","""sounds like\\xc2\\xa0Venezuela...ah, the road to being a banana republic with the emperor with no clothes that his minions the media insanely keeps insisting he isn\\'t naked...\\nand what is up is down and what is right is wrong.\\n\\n""The prince of this world"" (John 12:13) \\xc2\\xa0is a master of false systems. \\xc2\\xa0He crafts entire schools of thought that can suck us in and destroy us...He\\'s behind false religions, false\\xc2\\xa0philosophies, false doctrine, false morality, and every\\xc2\\xa0system\\xc2\\xa0of that that cannot lead anyone to God. \\xc2\\xa0He has infiltrated governments, economies,\\xc2\\xa0educational\\xc2\\xa0institutions, and anything that has influence in this world. \\xc2\\xa0The conclusion John came to is sobering. \\xc2\\xa0""The whole world lies in the power of the evil one""(John 5:19).\\n\\n\\'The Invisible War\\', Chip Ingram"""
"51","1","""@thebaskett\xa0\nCool. \xa0How the fuck are you and how do you grade the Vikes' draft?"""
"52","1","""Keep the money away from Kenny. Over \\xc2\\xa3110 million spent and 7th in the league. ROFL"""
"53","0","""hey rynthih95 who the hell r \xa0u speaking on sachin .\nshut up u fucking ass [[midfing]]"""
"54","1","""hey jurbinsky your mom's a pile of garbage why don't you shut up."""
"55","1","""aside from that, they tend to run to the doctor all the time. My wife sees a doctor at least 3 or 4 times a year. Last time I saw a doctor was when I broke my hand 27 years ago."""
"56","0","""Islam Vs. Judaism: \xa0\nIn 2007\xa0Islam and Judaism's holiest holidays overlapped for 10 days.\nMuslims racked up 397 dead bodies in 94\xa0terror attacks\xa0across 10\xa0\ncountries during this time... while Jews\xa0worked\xa0on their 159th Nobel Prize."""
"57","1","""IN THE LIAR'S OWN WORDS:\n\n\n\n\nFlashback 2007: Obama attacked trying \u2018to hide behind\nexecutive privilege\u2019 \n\nCNN\u2019S LARRY KING: \u201cDo you favor executive privilege or should Karl Rove and\nothers in that like position be forced to testify before the House or Senate?\n\n\n\nOBAMA:\n\u201cWell, you know, I think we\u2019ll \u2014 we\u2019ll determine over the next several weeks\nhow this administration responds to the very appropriate call by Patrick Leahy,\nthe chairman of the Judiciary Committee, to have these individuals come in and\ntestify. You know, there\u2019s been a tendency on the part of this administration\nto \u2014 to try to hide behind executive privilege every time there\u2019s something\na little shaky that\u2019s taking place. And I think, you know, the administration\nwould be best served by coming clean on this. There doesn\u2019t seem to be any\nnational security issues involved with the U.S. attorney question. There\ndoesn\u2019t seem to be any justification for not offering up some clear, plausible\nrationale for why these \u2014 these U.S. attorneys were targeted when, by all\nassessments, they were doing an outstanding job. I think the American people\ndeserve to know what was going on there.\u201d"""
"58","0","""OK, that \\xc2\\xa0is fine. He still likes to suck on pinky toes.\\xc2\\xa0"""
"59","1","""looks like while you guys have extended B-P with Mariners we've got Barn-Duty for you...?\nsay we do and we do our job, y'all remember that won't ya kindly?\n\nas I always say (and feel :) good luck Texas, have at it!"""
"60","1","""What the fuck?! Kane loses again?! Has he won a match since going back to wearing a mask?!"""
"61","1","""another hot button election smoke screan. The realalty is WHO CARES.\\xc2\\xa0 The gay comminity should be allowed to have the same difficultries the rest of us go throught.\\xc2\\xa0\\xc2\\xa0 I agree with Christie put it on a ballot for the public to vote on.\\xc2\\xa0 This way repubs can do what dems do take no ownership of this.\\xc2\\xa0\\xc2\\xa0 really who cares"""
"62","0","""yes he does my dick is hard\xa0 right now\xa0 i jacked off to him and pretended that it was someone else i knew"""
"63","1","""Conservatives are social leeches and the scum of the earth."""
"64","1","""Joe Paterno let an accused Pedophile roam the campuses free....when Sandusky was charged in 1998....Paterno simply let him ""retire""----and why did no other college in the NATION try to recruit Sandusky? Because they KNEW he was dirty filthy pedophile...yet Paterno continue to befriend him...even letting him use the locker rooms...so that...another boy could be ANAL RAPED in the locker rooms of Penn State....Ask yourself...why would Paterno even CONSIDER letting a Man (friend or not)----back on campus after accused of being a Pedophile?!?! Unless Paterno didn\\'t care? Paterno is just as much to blame..was his stupid decision to let the man back on campus after a D.A. was investigating and continuing to investigate Sandusky up until 2005 when the D.A. went missing and is presumed DEAD (oh and his laptop and hard drive were destroyed too...can you say cover up?!!"""
"65","1","""There's a book out which tracks Art Rooney's path from bootlegging and gamling to the NFL..I only point this out to illustrate how money and time can make perceived deficiencies evaporate."""
"66","1","""But Bellinski you are a Jewish Feigle yourself !"""
"67","1","""We are creating another whole segment of society that will never work again by extending unemployment.\\xc2\\xa0 Who even would hire someone who had not worked in 2-3 years.\\xc2\\xa0 After 2-3 years most people are unfit to work mentally.\\xc2\\xa0 The real hustlers went out and got a job, even if it was less than what they were used to.\\n\\nDo you people hear the roar!?!?\\xc2\\xa0 Our country is rushing towards the waterfall!\\xc2\\xa0 Look at what is happening is Greece!\\xc2\\xa0 What makes me mad is obuma may not be able to stop us from going over the falls but he could cushion the blow yet all he thinks about is getting re-elected!\\n\\nNot much time left for us!"""
"68","0","""Must really suck to be black. What a toxic, vile culture."""
"69","0","""Big Deal Libturd... go crawl back under your rock..."""
"70","1","""Because of biblical prophecy, which speaks of two distinct camps emerging within the Middle East in our day, we know a divorce is coming between the two.\\xc2\\xa0One camp is prophesied to be led by Iran, the other to include Syria. These two are destined to play very different roles in the sequence of end-time events that lead up to Jesus Christ\\xe2\\x80\\x99s Second Coming. Syria is the keystone of the pro-Iran axis. Weakening the Assad regime, to say nothing of its collapse, would be a blow to Iran, Hamas and Hezbollah.\\xc2\\xa0 Syrian opposition chief has already pledged to cut military ties with Iran should he come to power.\\xc2\\xa0 It is God, the God of Abraham, Issiac and Jacob who is lining up all these chess pieces, not our feckless government or the UN.\\n"""
"71","1","""Do you feel less sorry now that you made us realize how stupid you are?"""
"72","0","""Quit yelling, you tedious old hack.&nbsp; Why do you care anyway? You made up your mind ages ago, things like ""facts"" and ""new information"" and ""nuance"" don't matter to you, you effing link whore."""
"73","0","""Forreal Black - You are an A-HOLE"""
"74","0","""@SocialMedia411 New Twitter Brand Pages: http://t.co/pX2n02qY II  Interesting to see merchants - thought leaders or just sales people?"""
"75","1","""Very sorry I mentioned it.\xa0 Just keep bitching here where you are SURE it will amount to nothing."""
"76","0","""No, but you can't just treat someone like a piece-of-shit just because you think your shit don't stink.  No one is above the law, so by law you have the right to ask a person to leave your property if they are disturbing the peace or damaging property, or stealling."""
"77","0","""What ever make's you sleep better at night ."""
"78","0","""i fucking love peanuts"""
"79","0","""so basically you are an id iot who just repeats what maddow and rev al have to say."""
"80","0","""In pittsburgh pussy ass cops woulda started shooting and killed a innocent by stander... North Philly niggas dgaf n der cops is soft. . . round here nigga put a glock to your head and not think for a second before blasting your face in nl99@!"""
"81","1","""50 so promptly stated that he was going to release his album in the first week of July with or without the assistance of his label. Regardless of all the promotions and marketing and what not, he was going to release his final LP at Interscope. And he was adamant about it. That's about 3 weeks from now. In 3 weeks, artists almost ALWAYS have out at least the first two singles of an album and the tracklisting with features and production. This mother fucker still doesn't even have a fucking TITLE! An album allegedly due in 3 weeks, without a single, tracklisting, producers, album art, and a goddamn title. Fuck these videos, 50. If you really care about hip hop and your fans like you claim you do, you'd focus on your fucking album..."""
"82","1","""they did describe the color of the gun"""
"83","0","""fuck your god."""
"84","0","""Fuck you Luther Abel"""
"85","1","""UncoolOlga nigga please i'm a girl you're a dog jaden is mine"""
"86","1","""lol you morons think im black ? nope im same like you boeti only think is i hate you racist batards :)"""
"87","1","""Hahahahahahahaha!!!!!!!!!\xa0 Hahahahahaha!!!! Good one porno.\xa0 I used to think somewhat like him when I was young. Pretty insane,huh?"""
"88","1","""Actually, I read through your comments in DISQUS, sonny.  If y'all are a ""moderate"" then Barack is a conservative.  And there is far more evidence of Obama's Kenyan birth than that fake crap from Hawaii.  From his OWN lyin' mouth as well as his fat sow of a wife pie hole as well.  Moderate, mt ass...."""
"89","1","""Oh my, they blow up so fast."""
"90","1","""<cite>\nExactly how often did your daddy r\xe4pe you? Weekly Hourly?\n\nYou're easily the most depressingly buttf++ked piece of shite ever to vomit their halfassed moronic excuses for the English language on this site. \xa0You think you're being clever, but your grasp of colloquialisms and sarcasm are hilariously pathetic. You're a fool. Your posts are puerile and you personally have no value. \xa0Nobody here likes you. H\xe9ll, nobody here even <i>tolerates you</i>. If these people could recognize you on the street they would spit on you. My best guess is you're the result of unprotected buttsex between your mother and the family dog. \xa0An abomination with no justifiable reason to exist.\n\nNow do us all a huge favor and <b>go fuckyourself with a chainsaw</b>, ""Sparky"". \xa0Slowly and painfully.\n\nEveryone! Blow this pathetic Obamatroll <i>a big sticky sphincter kiss!!!</i>\n\nMMMMMMMWWWWWWAAAAAAAAAAAAAA!!!!!!!!!!!!!!!!!!!!!!!!!!\n</b>\n\n\u2026\u2026\u2026\u2026\u2026\u2026\u2026./\xb4\xaf/)\n\u2026\u2026\u2026\u2026\u2026\u2026..,/\xaf../\n\u2026\u2026\u2026\u2026\u2026\u2026./\u2026./\n\u2026\u2026\u2026\u2026./\xb4\xaf/'\u2026'/\xb4\xaf\xaf`\xb7\xb8\n\u2026\u2026\u2026./'/\u2026/\u2026./\u2026\u2026./\xa8\xaf\\\n\u2026\u2026..('(\u2026\xb4\u2026\xb4\u2026. \xaf~/'\u2026')\n\u2026\u2026\u2026\\\u2026\u2026\u2026\u2026\u2026..'\u2026../\n\u2026\u2026..\u2026\\\u2026.....\u2026\u2026. _.\xb7\xb4\n\u2026\u2026\u2026\u2026\\\u2026\u2026\u2026\u2026..(\n\u2026\u2026\u2026\u2026..\\\u2026\u2026\u2026\u2026.\\\n\n</cite>"""
"91","1","""If she had an expired Visa, she should have gotten a MasterCard."""
"92","1","""\\xc2\\xa0You obviously have NO CLUE who Ronald Reagan was----you pathetic ignorant puke"""
"93","1","""I like the cover that is a keyboard. Good idea. Hopefully it will be better than the nokia windows 8 phone. Okay, but not great."""
"94","1","""Your notion that you are sexually abused because you are hitting on newcomers and want to be justified in that sounds exactly like the pathology of a predator. Better check yourself."""
"95","1","""Nana I got my first pair of NB shoes a few months ago and and they have really worked out well for me."""
"96","1","""Whoever checked ""libertarian"" has been hitting the bath salts."""
"97","1","""Like I said, I liked the VIDEO! Not the song...obviously your mama is a DUMB OLD BITCH! She didn't teach you the first amendment?\\xc2\\xa0\\n\\nRoman Darling...Soft ass nigga... hahah!!!!"""
"98","0","""@jakesnake99 @skywaker9 (David) There's enough Rhino for the both of you."""
"99","0","""Are you insane?"""
"100","1","""how people bring a story about a sandwich into a conversation about religion, abortion, and rape is beyond me, but that being said....\\n\\nHEY GOVERNMENT!!!\\xc2\\xa0 Stay out of my kid's lunch box.\\xc2\\xa0 If I want my kid to eat paste and looseleaf paper for lunch, that is my business.\\xc2\\xa0 \\n\\nThe most hilarious part is, I bet the people making the decisions of what children can and cannot eat have more rolls on their belly than the local deli has at lunchtime.\\xc2\\xa0\\xc2\\xa0\\xc2\\xa0 \\n\\nIf the lawmaker who proposed this, AND all the people who enforce it (including school officials) can show me 6 pack abs and their marathon finishing time (under 3 1/2 hrs only please), then maybe I'll listen to their stupid a$$es about what my child should eat.\\n\\nI only wish they try doing this to an attorney who loves to litigate because he/she will break that school district in attorneys fees alone....hell, maybe I'll go pro-bono and do it myself"""
"101","1","""Your email address is not visible to other commenters."""
"102","0","""Don't let silly things like facts about other manufacturers get in the way of blind Apple hate.\xa0 Please, it just upsets these people who have absolutely no interest in the product what-so-ever but feel the relentless need to spam the comment sections of news posts."""
"103","1","""Did you really use the word ""evoking""?"""
"104","0","""Michelle, did you have a macro lens or is this just off something like a 18-55mm?"""
"105","1","""""What happened to all the talk about that industry hurting because Obama wouldn't let them drill all over the place.""\n\nThat, is what you call a straw man arguement. \xa0No one is saying the ""industry is hurting"", because it's not.\n\nWhat people are saying is that it's moronic to send almost a billion dollars a day to countries that hate us when we could be developing our own natural\xa0resources."""
"106","1","""more spin from the Tea party bleachers!"""
"107","0","""Citizens United didn't have squat to do with the WI recall. \xa0\n\nhttp://campaign2012.washingtonexaminer.com/blogs/beltway-confidential/citizens-united-real-impact-wi-recall-zero/583241"""
"108","1","""Jay-- My condolences to you and your family. It's a terrible way to get a wake-up call, but I'm glad you've found a way to channel this terrible loss into something positive for you and yours. Enjoy life in the (slightly) slower lane.  """
"109","1","""Database systems are what I do for a living...."""
"110","1","""She was kind of a main character."""
"111","1","""Well Braves were bound to break out the losing streak... Nobody better to do it against than sorry a ss Westbrook"""
"112","0","""The U.S. govermet spends billions of dollars every year guarding against al qaeda."""
"113","1","""re: luke babbitt -- the funniest tweet i've read all year was the luke babbitt original chalupa 3 written as an ESPN 30 for 30 promo... """
"114","1","""@peter8888,\n\nYou showed your true colors. In addition to comment misdirection, you are now using name calling and innuendo.\n\nName calling, innuendo, comment misdirection, the last refuge of someone who has no viable, logical, or well reasoned comment."""
"115","1","""Many\xa0Sri Lankans\xa0talking shit\xa0as usual.\xa0we\xa0must build\xa0sri\xa0lanka\xa0we\xa0must work together.\xa0when\xa0will you\xa0understand that??"""
"116","1","""BUDDHA  IS  A FAT ASS SLOB..........NUFFFFF SAID.  HE IS THE FAKE.  YOU MORON."""
"117","0","""Thats just a clich\xe9...and typical, baseless and silly accusation that homosexual advocates throw out there to try to scare off your adversaries. Whats next"" Im a homophobe? I'm a closet homosexual? I'm a bigot? LOL. Come on..you can do better than that can't you? That stuff is all worn out. Find something new to say about me. Lets see you be really imaginative."""
"118","1","""You are the one who brought up the topic Kalifornia Ken-doll\n\nand then you whine like a beech when somebody calls you on it?\n\nwhatever....\n\nkeep trolling for a teabagger Ken-doll....you may get lucky Kalifornia phaggot"""
"119","0","""Not really what it says a lot about is your lack of understanding on this subject."""
"120","0","""buzz off you twat"""
"121","1","""Demoralized is the only word i can think of if a current soldier is reading these comments."""
"122","1","""Your Teabilly slutchild is just as ignorant as her mother.\n\nYou people are the trailer trash of America."""
"123","0","""oh and Leigh...don't you normally pick a front runner by now...."""
"124","0","""SO everyone is on board for that mosque to be built near the Twin Towers?"""
"125","0","""Garfield....is that near Dixie Manor queeny? Or is that Key West for homosexuals of your kind homie?"""
"126","0","""no - you are."""
"127","1","""""Oh! Oh! I got an idea! How 'bout we do a song that's not whiny bull crap?\u201d - Peter Griffin talking to Coldplay in Family Guy Season 8, Ep. 16\n\n'par' (I think I'm starting to like this word, not entirely sure I'm getting the usage correct)"""
"128","1","""no doubt the poor woman will be offered a good deal on a car when she turns up at the garage."""
"129","1","""Dodger radio playing tunes of ""fuck you"" at end of commercial break. They must be reading our comments."""
"130","1","""We were thinking back in time when a young GHWB was goaded by his ambitious young wife to eliminate JFK., \xa0it would go something like this,Babs, I can't stand that JFK, get rid of that white trash. \xa0Then a little while later Babs said I can't stand that MM she's gonna run her mouth and then, RK is finished. \xa0Now that would be a much better HBO movie...the white-washed Bush Legacy is getting tough to swallow."""
"131","1","""Gosh, Peggy Hill ... Don't make me laugh.\\xc2\\xa0 In addition to money ... Romney won because Newt is bombastic and is a serious liability in the general ... all the polls show it and intelligent conservatives feel it ... this is about style not substance.\\xc2\\xa0 Both will do the same thing in office just with entirely different styles.\\xc2\\xa0 Newt ruffles feathers all day long drawing stark contrasts even when it means lying or exagerrating ... like calling Mitt anti-immigrant on national TV ... unbelievable.\\xc2\\xa0 And since Peggy Hill knows far less about national politics than I do since I have studied it for 25 years, I'm not inclined to be persuaded by her.\\xc2\\xa0 She describes the political scene like I used to 15 years ago ... with little to no expertise, so I don't pay her a lot of attention when we disagree.\\n\\nPeggy Hill is a Great American and I love her and Newt dearly but this is not the time to vote with my heart ... way too much at stake!\\xc2\\xa0 Newt is the world's best field general but his\\xc2\\xa0temper and tone are wearing me out and I'm conservative ... I can only imagine how offended Independents are beginning to feel.\\xc2\\xa0 \\n\\nSure it helped that Mitt raised more money ... that is essential in beating Dingle Barry ... Peggy Hill sounds like an OWS'er ranting that Mitt had more money ... thank God he did ... that's what it's all about!  So you Newt zombies really ought to do the Hokey Pokey and turn yourselves around, lol.\\n\\nIf Newt will fold under lies and carpet bombing ... as he said he would ... then he's got zero chance of beating Owebamao ... think about it ... that's all Barry does.\\n\\nI don't care too much that Mitt is uninspiring ... I know he can beat Owebamao and I know he will attract Independents and Latinos in 2014... particularly with a Romney/Rubio ticket.\\xc2\\xa0 My first choice for POTUS is a Christy/Rubio ticket ... neither are running but both back Romney.\\n\\nBy the time Super Tuesday rolls around, Mitt will prolly already be the clear front runner but I never count Newt out.\\n\\nBut for Peggy Hill to be upset Mitt raised and outspent Newt is laughable .... that's what you're supposed to do!\\n\\n\\nBTW  -  Remember the Sirens???\\n\\nBeautiful half-woman, half-bird-like Newt creatures who sang such sweet songs that listeners forgot everything including their own safety. The Sirens are Newtish sisters who lure sailors to their death. The sonsg of the Sirens are irresistible but they reside beyond unsurpassable reefs which destroy the sailors' boat when they try to reach the Sirens. Among those tempted were Jason on the Argo and Odysseus. Odysseus escaped from them by filling his crew's ears with wax while he tied himself to the ship's mast ... just sayin'."""
"132","0","""But they will care that you were here Mikey.\xa0 Hey look he likes it.\xa0 Hey Mikey likes it."""
"133","1","""He won Michigan in the primaries.  Holy shit, your dumb."""
"134","0","""yeah well director interpretation isn't always the best insight for things like this, especially with something with such a rabid fan base. On top of that i think they are condensing more than i would have liked...even if the golden age was kinda meh in comparison to the drama going on now, i would have at least liked for them to show them doing their thing on the battle field."""
"135","1","""You KNOW the RULES - one DELETE equal 50 REPOSTS\n#37 WHAT is his EXAMPLE of TOTALITARIANISM in the USA? Here it is...Last August, Obama's DHS announced it would no longer deport the noncitizen spouses of gay Americans\xa0\xa0\nLOL, get yer musket Myrtle and follow me into the BUNKER! They'll not take us alive!!"""
"136","0","""What's his story? Sporadic starts? Never over 5 innings?"""
"137","1","""All racists like you are morons, dude! \n\nIt just happens most pit bull owners are morons too & this has even more convinced me of that."""
"138","1","""You are a fucking idiot."""
"139","1","""I imagine he lives in Virginia, he's wouldn't live with the riffraff in DC."""
"140","1","""""obviously clean"", you are in denial"""
"141","0","""I bet the songs on the upcoming CD were written for This twit. The message was she is a progressive. She knows where her\\xc2\\xa0 bread is buttered.\\n\\nI have never even heard of her.\\n\\nI bet if she had to write her own material. Ms Hoe would be a major disappointment to her idiotic fans.\\n\\nWhat was her message with the exorcism? CBS management look like total knuckleheads. No wonder their ratings suck.\\n\\nBring back garage bands. They play instruments, write their own material & perform to their fans.\\n\\nMost of the music truly sucks today. Record executives don't even try to find pure raw talent.. It seems they try to clone their stars. Visual imagery for shock value\\xc2\\xa0over solid Rock-n-Roll.\\n\\n"""
"142","0","""Just a thought. About those unwinnable, illegal wars. If they were illegal wouldn't you think Bush and Cheney would have charges brought up on them by now? Fact is they were on the level its just another example of the liberal media getting alll you liberals wound up tighter than Dick's hatband. Just like little wind up toys, get you started and away you go! \n\nIt's time to start thinking about Impeachment of the Dope Head in Chief."""
"143","1","""Looks like there's fixin to be a shootout"""
"144","0","""why the hate man? Done nothing to you....ever...."""
"145","1","""How hard is it for the bimbo to use a towel or baby blanket for a coverup? Toss one in the diaper bag and USE it!"""
"146","1","""Whoever takes out the Heat in the playoffs will be America's Team."""
"147","1","""Romney is a business who has solid ideas about bringing jobs back.\n\nRomney wants a strong military ONLY as a deterrent to attacks by other countries all over the world.\n\nBTW, you liberals use the term ""tax cut"" which is false. A true ""tax cut"" is when \xa0our taxes get lowered.\n\nThe liberal version of a ""tax cut"" is when tax payers are allowed to keep some more of their hard earned money. NEWS FLASH to Liberals: \xa0 \xa0IT'S NOT YOUR MONEY."""
"148","1","""Are you sure he's even a real person?"""
"149","1","""""Good job, Eric. \xa0 You defended yourself against your unarmed little \nbrother, who you claimed to love. \xa0 You took that gun with you on \npurpose, and you darn sure got to use it, as you intended.""\n\nA little harsh, aren't you. Nothing like piling on when the guy on the bottom, who admittedly made a huge mistake, is already feeling terrible about it. You are in no position to judge him...perhaps you should try walking in his shoes. His life has been changed forever. And I doubt he premeditated to kill his brother. That's not how accidents happen. Was he careless? Yes. But I doubt he's a murderer."""
"150","1","""Hi Ally.\xa0 Glad you liked Gambler Gal.\xa0 She would be my alter-ego IF I had a bunch of moolah to spend.\xa0 Alas...this is not the case.\xa0 I like the penny slots, too, but you can sure cram a heck of a lot of money into those machines if you're not careful.\xa0\xa0 Sheesh.\nHUGS!"""
"151","1","""Oh, fuck. Yeah, he's not kidding, guys. It's images from the attack, and holy shit they are in a whole new world of graphic."""
"152","1","""Got your back, here, r_dale. Good post. Typical of the gun nuts in Utah."""
"153","0","""Commenter?\xa0 Your very childish.\xa0 Grow up and be a man.\xa0 Stupid remarks like yours just proves that you are a little boy and have yet to understand what it means to be an adult."""
"154","1","""Awesome font and color on your card:)"""
"155","0","""Laird ans Avila (and Santos) may be among the Tigers' most marketable players- at least as far as trading for a starting pitcher or a starting 2B is concerned."""
"156","1","""you're a fighter not a lover,and your family needs to die too."""
"157","0","""I think I'm in love with you..."""
"158","1","""It's the title that matters in this case :)"""
"159","1","""You are an idiot.......why do you even bother..??.Wasted words."""
"160","0","""Irony? This has nothing to do with! You just can't take off your rosecolored glasses long enough to see that there is a real problem a dodger stadium! They need to tear that dump down and relocate"""
"161","0","""But, you couldn't show ANY proof of that, even if it was true.\nGo away. You are an embarassment to your Klan brothers, your family, your neighbors, your teachers and America as a whole.\nFind something to say that is not directly quoting Nazi or Stalinist propaganda. \nThe most pathetic poster on the web. You are below Oberbite, a Soros trool or the ignorant little heap that wwrote ""Waiting to Exhale""."""
"162","0","""iv installed but siri just says unable to help please try later ?"""
"163","0","""wtfff is this shit??? he shot the fuck out for this shit.. Diz won and i only seen this clip of the battle. smh..."""
"164","1","""You are an IDIOT!!!"""
"165","1","""I'm assuming he has a mustache as well as the headphones and ipod case? It probably would have been more relevent to mention that."""
"166","1","""try speaking in correct english as well. what dummies are on here today."""
"167","1","""He's not an Isolationist. He just does not want a foreign policy that ends in America stomping all over the world like Babylonians. \\n\\nOnly RON PAUL will defend Israel when they blow up Iran's nuclear sites\\njust like only RON PAUL defended Israel when they blew up Iraq's nuclear sites.\\n\\nRon Paul is hardly an isolationist, he just recognizes a lot of tough truths about America's foreign policy that the self-righteous warmongers just can't seem to swallow. """
"168","0","""Moral of the story:\n\nWhen defending your family, property, and self against a prowler, shoot to kill so they can't come back and sue you."""
"169","0","""NobodyKnows,\n\nfrom your mouth to God's ear.\n\nyours, satx"""
"170","1","""Kelly made Idol. They owe her as much as she owes them. She is an international superstar because of her voice and hard work not because of Idol. Kelly would have been famous with or without Idol because she lives for music and has a gift from God."""
"171","0","""I like your style"""
"172","0","""So you don't actually care about making women feel welcome as part of your professional community, which is generally impossible for a woman living in a sexist society to do (this one) when attention is being drawn to how her colleagues see her as a sexual object. Why don't you just admit it and be honest? I would feel really refreshed if someone like you said, for once, ""We don't want women in our field."" It would look stupid and ridiculous -- since why would you throw away half the available talent just because you want to sexualize everything? -- but then we could actually discuss the real point instead of derailing, dismissive, prevaricating, and dissembling discourse of which this one is an excellent example."""
"173","0","""You're certainly what Lenin called a ""useful idiot"".\xa0 If you like Islam so much, go where it is practiced ""just the way you like it"".\xa0 Get to beat your wife and will, kill your kids for whatever reason turns you on, lie to anyone about anything just because ""it furthers the cause of Islam"" and others around you ACTUALLY BELIEVE YOUR LIES."""
"174","1","""@Old Man Game\xa0\xa0@jameshardensbeard\xa0\xa0@Lost Ones\xa0He has ""shit"" in his name. \xa0They should have known."""
"175","1","""CEO TOP is not happy of what you are doing YOUNGBAE, your nipple distracts me LOL"""
"176","0","""So, you don\\'t want to bring people out of poverty, Mitt? What exactly is this ""safety net""? Welfare programs? I thought you and your ilk wanted to cut those.\\n\\nYou\\'re not concerned about some honest Americans who, sadly, sometimes have to eat stone cold cans of Chef Boyardee ravioli to live since it is ""economical"" ?\\n\\nYou\\'re not concerned about those who want a job? Or those who want a better standard of living?\\n\\nYou were born into a <i>millionaire</i> aristocracy. You won God\\'s ""genetic lottery"" Powerball before you were even born. You should consider yourself very lucky and try and help the less fortunate with your wealth rather than hoard it in a little tropical island.\\n\\nYou, sir, are an complete asshole. What a selfish, callous, and bigoted remark to make.\\n\\nNobody lives in poverty because they want to, Mitt."""
"177","1","""I will go back to my lenses now and try to spice it up a little."""
"178","1","""eww i like BB but saying the rest of kpop isn't real music just makes you sound dumb as fuck. go back to your wonderfully lame articles and leave f(x) alone. also thanks for increasing our views count MUAHAHAHA."""
"179","1","""there is a lot of assad slave (shabihah) here fuuuck them"""
"180","1","""yerpathetic                                                                           0 minutes ago              in reply to\xa0design4u1                          \n\n                                \n                                \xa0LOL!!\n\nYou are an idiot.\n\nBut don't worry.\n\nAmerica ALLOWS you to be an IDIOT!!      \n                                  \n\n=======================\n\n\xa0You Canadians never answer this question why?"""
"181","0","""Oh I think I do. Let's put it this way, it's not like watching United.\n\nOnly muppets like yourself can see that's good football. Listen good on them for qualifying, but the football is dross and a 100 odd idiots posting here isn't going to change that.\n\nSo think again about who the thickos are and add your name to the list."""
"182","1","""jonx,\nYou are crazy, just plain crazy."""
"183","1","""how do you know mother fucker stop assuming shit you don t know you don t know that man like you hypocrite son of a bitch"""
"184","0","""Well you ARE special . (damnit Clown )"""
"185","1","""And you are a terrorists pig."""
"186","1","""Oh CJ, Cj, Cj, you fat ugly bitch! Its just so funny how much you NEED us! You need us to tell you that your husband would rather fuck a barbed wire covered glory hole than touch your 53 year old moldy vagina. You need us to tell you about the health problems your poor children are going to suffer thanks to your fast food and brownie diet. Poor tweenie is going to be teased in school for being tubby. You need us to tell you how stupid you are to go off of a fucking car thermometer to determine the outside temperature and then compare it to a fucking tropical climate state like Florida. How the hell do you function in life? Oh wait, you dont. You sit your fat worthless ass at a computer all day ranting about gay marriage. I hate to break it to you but I guarantee your darling son Sam is going to grow up to be the butt pirate you so hate. What are you going to do then? Throw a bible at his head? It wont knock the gay out of him! Even worse little Sara is going to grow up to be a......LIBERAL! Gasp! Oh nos! So your tweenie is going to be a fatty, sammy a gay, and sara a tree hugging hippie! Looks like your ""christian"" mothering sucks and you should try another route. Might I suggest getting the FUCK OFF THE COMPUTER and going to spend time with them?"""
"187","1","""Cars was like, ""fuck this i'm outta here."""""
"188","0","""lol Igor should be in it. He can penetrate people with his long ass nose."""
"189","1","""These descriptions of Zama might as well be SHAPE HS.\xa0 The same divisions, nastiness, weak leadership in both the principal and the new assistant principal are as evident in Mons as in Zama.\xa0 After Ms Fitzgerald cleans house in Zama, she should head directly to Belgium."""
"190","1","""You suck. You probably don't have any friends. Your family probably abandoned you in disgrace. Go crawl back under a rock and do this world a favor and stop existing. You think you are cool because you think you understand the situation and call this man a coward and pathetic. Well congratufuckinglations. You just showed the world what a doouchebag you are. I don't know if its because you are emo or you think trolling will earn you respect but i don't give a damn. Go dig a hole, bury yourself in it and stay there. If you don't have anything good to say you better expect nothing back."""
"191","0","""Your point is as valid as the hole in your head that you obviously gave to yourself before making such an idiotic statement. And bringing politics into it? Could your trolling be more obvious?"""
"192","1","""Mr. Genetski receives a salary paid by the taxpayers. We are paying his legal costs. \n\nJust like YOU are paying for a teacher's night out at the bar?   Get over yourself."""
"193","1","""@WetShoesClassic @Hoss   I got to a point where I started eyein' the liner notes every time I listened to a Zeppelin song to see what blues artist wrote it"""
"194","1","""That is because you are not a fan. Go watch the Heat with the rest of the bandwagon jumpers in this town. So very sad."""
"195","0","""How do we know Terry Krepel is your real name.\xa0 If you are not a gutless coward, you'll provide an address and phone number.\xa0 Now, we are paying attention...don't be a gutless coward and p*ssy!"""
"196","0","""Have you always been a victim?"""
"197","0","""Yep people can be pretty dumb -- exemplified by your #1 argument."""
"198","0","""Did you read the article? They never married. \n\nAnd YOU do give a crap because you're commenting...."""
"199","1","""@TeeBooWa\n\xa0HAH YOUR'E ONLY 14? FPFF AND YOU TELL ME WHAT TO DO? I'M WAAY OLDER THAN YOU WHO YOU CALLING A BITCH AND A FUG? YOU DOUCHE BAG BITCH I WANNA PUNCH YOUR EYEBALL OUT AND KILL YA FUCKYA"""
"200","1","""You're probably a phuuking dyke....aint ya beotch ?"""
"201","1","""We are crap, you said it yourself."""
"202","1","""Because you are so cool, that's why!!!!"""
"203","1","""@SusieMo\xa0http://candk.ytmnd.com/"""
"204","0","""Santorum needs to stop whining about the negative adds - he\\'s been free-riding at Newt\\'s expense this entire time so now it\\'s his turn in the box.  After all, he\\'s a lawyer and needs to suck it up - but of course he doesn\\'t want people to know he\\'s an attorney since that might spoil his choir boy image.  Newt said he wasn\\'t for mandates so rick needs to stop promoting it.  Besides, rick didn\\'t mind piling on with Mitt to try to bury Newt early on.  But at the end of the day, what solutions does rick bring to the table? He didn\\'t do anything when he was in congress and time after time he ABANDONED HIS PRINCIPLES TO PLEASE THE LIBERALS IN PENNSYLVANIA! And what did it buy him?  A 19 point drubbing in his re-election!\\n\\nAs for the campaign, he\\'s brought no rational or reasonable solutions to the table - instead, like mitt, his best solution has been to say ""I agree with Newt""  - and his economic logic is elementary and fatally flawed.  Newt has been spot on predicting where king hussein obama is leading us, including the attack on the church, which is simply the avenue to establish the legal precedent that the WH has the power to tell us - all of us - how to act, how to respond, and what to think!  That\\'s the real issue from obama and his henchwoman michellivelli!  Not only will rick be behind on tidal wave of rot that will flood him if elected, he will not be able to get congress to do a darn thing!  And when his failed 4 years are over, the demonic dems will come back to power with a vengence by simply pointing at rick\\'s miserable record and lack of ability to lead in a hail storm of enemies on both sides of him!  \\n\\nSo rick should just suck it up, stop whining and run the gauntlet like Newt has had to ... if he can\\'t stand the heat then he can\\'t lead the country!"""
"205","1","""scumbag. I read it as jimmy carter"""
"206","1","""MR PRESIDENT i ask only one thing just band sirasatv and shakthi tv, becouse they want distroyed our mother land they are\xa0not midea they are under TNA and LTTE PLEASE take action. if not one day our srilankan explose on this midea. no respect pushing small group for vilonce...and giving fals infomation on there own profit only when i see sirasa news im shame on our midea like sirasa...sakkili like sri ranga pimpi sakiliya"""
"207","1","""I went to see the Grateful Dead there on acid a few times years ago and I never fell. whats the deal with this new younger stupider generation of clean cut short haired yuppie non drug users who fall and die?"""
"208","0","""Pelosi is one of many, who is standing behind the most criminal, obummer. But if they stood really close together you couldn't tell them apart. They both, along with holder and all the rest of-em, are outstandingly/extremely deadly. They all look like death warmed over.But don't trust any of them. They look dead because they are dead, but they are the dead that can kill you if you aren't careful. I hope there will be some good news soon. I'm sick of this whole damn mess and more so, I'm hoping that We, The People, will have learned the lessons we're being taught on horrible government, from the horrible governmental places where the dumb are in those schools of law, all the way to the White House."""
"209","1","""@Mineola @Powkat\\n\\nHow \\'bout if some of those ""Catholics"" stood up to their own bishops. ""Catholics"" choose a hierarchical structure that lets bishops speak for them."""
"210","1","""that nigga joe as shit fuckk out of here u dirty ass young bull"""
"211","0","""What a selfish slutbag. That fucking fat ass chubby cheeked bitch probably got mad because her precious baby boy was hungry. How DARE he eat food! Not only do children require food to grow and become helathy adults, but this bitch probably fed them HoHo\\'s and Twinkies. I can just hear her now ""Get off my food you little shit! That\\'s MY MotherFucking Twinkie! Momma\\'s got the munchies!"" Then, WHACK with a fucking hammer. What a cunt."""
"212","1","""Larry Sinclair, come out, come out, wherever you are?"""
"213","0","""Fear the cow because he laughs at you"""
"214","0","""Wikipedia is an example of the ""dumbing down"" of our culture, aided and abetted by the internet.\nAlmost any nonsense can be posted on the internet, including Wikipedia."""
"215","1","""Tom, you are an idiot on. You suffer from whitmenitis, aka, you find it easier to blame others for your mediocre life achievements. Truth of the matter is, you simply do not have much to offer."""
"216","0","""I think they done lost their patience for this BS. I don't think they are going to wait any longer either. They will blow it up with or without the US's A-OK. Israel is right they can't wait for Iran to get more of a stockpile. They need to get rid of that or it makes it much harder for everyone else later to blow it up. Russia and China definitely aren't going to take to kindly to massive contamination heading their way if they don't do it now. The US should just be ready with cement to entomb the dam things."""
"217","1","""LMAO....Shaq should sue your a.s.s for making stuff up that he did not say...."""
"218","0","""Thank you for your thoughtful and informative post Lisa. You covered the pros and cons of public opinion and didn\\'t shy away from stating your own. Kudos. I feel it\\'s your duty to say where you stand in full transparency and to balance the press that SGK is getting for the opposite reason. If both opinions are not provided then only ONE opinion will be weighed. Readers deserve both. The difference is that you stood for yourself, not for Elisa or Jory. SGK leaders weren\\'t so transparent, they instead used the entire organization to front their personal mission.\\n\\n \\n\\nOur online ""voice votes"" carry far more weight than the political elections. Once women understand that, they\\'ll understand their responsibility to say what they think often, loudly, and with civility.\\n\\n \\n\\nI am very dismayed by SGK\\'s stand because it is playing to politics and not helping women. I will not be supporting SGK any longer. There are many places that are more focused in their mission to help all women, Planned Parenthood is one of them. When I was a starving college student, PP was my primary health screener. Later I did volunteer work at PP to pay back for my healthcare; one of the things we were trained on was how to check yourself for lumps and why it was important. They have been consistent in their mission to help all women stay alive and healthy often during the most dire of times."""
"219","0","""Been a while. Its because people would rather have the C's then the bandwagoned Heat."""
"220","1","""Obviously you have never been there"""
"221","1","""I suppose the fact that Halliburton was the only company qualified doesn't mean anything to you."""
"222","0","""You are a lying son of a bitch. \xa0Let's see you post some facts supporting your assertion."""
"223","1","""Irresponsible Headline and Journalism. Sensationalism at it's best. I guess you guys will do anything to sell newspapers - even using misleading headlines.\xa0Please explain how is this a gift? It is an investment by our country."""
"224","1","""Hey right wing moron ""You Kidding Me"", you're the cutest little GOP whine baby on this forum."""
"225","1","""pussy ass hole movie chatta ra pawan hit ivvaledani edo cinema gabbar singh chusi frustration lo inka medata hit istado ledo ani gs bagundi antunnaru movie worst panja 100% better annavaram 1000% better than gabbar singh"""
"226","1","""..........RON PAUL....is / was.....ALWAYS...for YEARS....BATSHIT CRAZY!!"""
"227","0","""Bush has been long gone. Don't you lib itur ds have anything be tter to cam pair Ba ry to??? If not then shut your Ob ummer hol e."""
"228","1","""No shut up. Black people don't need to be 'approved of' or 'pretty enough' for the Korean people. Fuck that shit. I am SO sick of black fans thinking that way. Truth is most Korean people don't find dark skin beautiful. Period. They also stereotype us as criminals and slutty. It's not US that need to change to fit their ideals, THEY have to change their backwards ass\xa0ignorant\xa0racist way of thinking. So you can take your 'Michelle is not idol material' and shove it please."""
"229","1","""Kind of hard to be a suicide bomber when you are inside an Ironlung."""
"230","1","""lol they did forget to put the feet on in the scene in the kitchen"""
"231","1","""All it takes for the others to become legal, is supporters such as yourself and your governors signature.\\xc2\\xa0 As proven with this gay marriage law."""
"232","1","""wow you talk about fatigue Lakers need some rest"""
"233","1","""You do know you are an asshole and started all the shit with him. You Jews have been doing the same for years. Banning together to the detriment of decent people. Another reason most in the world would cheer for the Nazis today.&nbsp;"""
"234","1","""How about the lefts war on American Constitution?\xa0 You were including Mitt as a lefty aren't you."""
"235","1","""Moss you are a real chop......wake up and smell the roses bud..."""
"236","0","""another lefty trying to look like a right-wing racist. \xa0The dems are the racists ... period!"""
"237","1","""Before making a stupida$$ comment....you dumbfuck......try looking up her picture first!\xa0 She is white and very over-weight."""
"238","0","""As is your mother. . . . .who is the.beastiality whore.\xa0\n\nLighten up. . . . ""It's comedy!!"" \xa0Bwaaaaaaaaaaaaaaaaaahh!!"""
"239","1","""You should have someone proof read your posts."""
"240","1","""I'm used to idiots like you jumping in <b>AFTER</b> your team actually does something.   I've been here and will continue to be here after you're long gone because the niners will suck again soon."""
"241","0","""No KKKonservative SunMedia and fans here are the true racist, they are here all day everyday spitting hateful venom, I just do the same in reverse. If you have a problem with me, then say something to them! Unless you are a KKKonservative racist too? hmm."""
"242","1","""NO MORE government jobs, no more subsidies, no more health benefits, no medicare, social security, etc."""
"243","0","""morcar ...you are hilarious\n\xa0\nThe whole world was at war with the nazis and it took 6 years to defeat them\xa0but u expect a small village full of farmers and the likes to have stopped them???\n\xa0\nOn what planet were you born???"""
"244","1","""What the fuck?"""
"245","0","""And your point is?"""
"246","1","""so you fuck your 3 dogs, your a sick fuuk.\nby bitches i was talking about women.\nbut the point you just tried to make makes me want to fuk you up even more."""
"247","0","""You are disgusting.  Absolutely disgusting.  There is a young woman clinging to life and you feel the need to pass judgement.  Judge not lest you be judged."""
"248","0","""Actually the US needs to walk its own talk!  We preach to others about human rights but it's the US killing people (and its own citizens) with drones on presidential say-so!  Have you been living under a rock for thepast decade?  Our Consitution (Bill of Rights) is being shredded!  The US is trying to suck Uzbekistani balls for the energy game and to establish US forces in the region to ""contain""Chinese influence in their OWN BACKYARD!  (The Usbek gov't makes China look like a bunch of liberals!)"""
"249","1","""I was messing with that girl and you guys all stepped up like its your business lol get a life people...it's a forum...not real life"""
"250","0","""Okay Booby, I don't let my kids watch FOX cartoons or shows after 7 PM, because they sell and push sexual promiscuity no family values.\\n\\nI'm merely pointing out all the ass-clowns who are being duped by this International Media Giant that has an agenda. There is nothing Fair and Balanced about FOX, and they are definitely not promoting Family Values. \\n\\nBut they are very good at packaging it so morons believe they are..\\n\\nSo by all means continue to be programmed and watch your FOX news. """
"251","0","""<strong>Me and mine are just back-up singers here, part of the Joe.My.God. choir.....and I say: YES TO EVERYTHING MR. BEEBLMEYER stated above. and to the critic of joe jervis: I say: HORSEPISS!&nbsp;&nbsp; News is da&nbsp;news; and ya print the truth, that is the whole fucking point.&nbsp; Well done Joe.&nbsp;</strong>"""
"252","1","""fuCk . i love this brand gibson"""
"253","1","""@butch.fries The prayer breakfast has been going on for years and presidents over the decades have gone to these events."""
"254","1","""He seemed very sour that first hour or so. Like I was saying, I think he shines on the stuff that means more to him. I was still elated to see him live finally."""
"255","1","""aww, poor baby\n\nI think you're just jealous because you spent your spring break at the pond in te back of the trailer park with the other idiot rednecks"""
"256","0","""We know whom Obama loves.....himself, only and always."""
"257","1","""<span><span><span><span>Chiara, hai fatto tutto da sola. Io ho commentato quello che ho letto sottolineando una tendenza generale.\r\n</span></span></span></span>"""
"258","0","""@shooter \xa0\xa0@TPBderek See just like I said - someone has to fucking score."""
"259","0","""How are the Dodgers a One Man Show? Kemp didn't play 15 games and they still kept on winning"""
"260","1","""So are you better off now than you were before BHO was elected?"""
"261","0","""Go change your tampon maggot!"""
"262","1","""Come back when you are out of puberty."""
"263","0","""Like if you were unable to read this comment because other comments loaded so fast."""
"264","1","""Is English your second language?"""
"265","1","""you are right, but first we must find out who are the real BH, who tell the pastor that\xa0 BH are in town. how do they know? why didn't they arrest those who attended the meeting? who order the army to go?\xa0 who........, why..... how......?"""
"266","1","""^^i was thinking the same thing"""
"267","1","""YOU ARE THE REAL @SSHO LE AND I HOPE PEOPLE ON HERE REALIZE THAT YOU ARE A PRETENDER"""
"268","1","""This whole\\xc2\\xa0 David Brock/Media Matters things now explains why so many of his trolls are homosexual activists.\\xc2\\xa0\\xc2\\xa0 When you read the bloggers, it at first seems like there are a lot of homosexual activists blogging, but it really is just one big David Brock \\xe2\\x80\\x9cBorg\\xe2\\x80\\x9d.\\xc2\\xa0\\xc2\\xa0\\xc2\\xa0\\xc2\\xa0\\xc2\\xa0 Usually, the David Brock Borg homosexual bloggers all say the same things.\\xc2\\xa0\\xc2\\xa0\\xc2\\xa0 They all slander Fox News.\\xc2\\xa0 They all slander Christians.\\xc2\\xa0 They all attack (in unison) whatever Republican candidate is at the top during any particular week.\\nDavid Brock \\xc2\\xa0wrote of his experience at Berkely:\\n\\xe2\\x80\\x9cAt Berkeley, I had no cause to associate conservatism with prejudice against gays. In the early \\xe2\\x80\\x9880s gay issues weren\\xe2\\x80\\x99t polarizing our campus\\xe2\\x80\\xa6since arriving in Berkeley I no longer put aside my deeper desires. With some hesitation, during my freshman year, I went on uneasy dates and had hurried \\xc2\\xa0s e x u a l encounters with other guys in neighboring dorms. By the end of the year I considered myself gay and had surprisingly little trouble accepting that reality\\xe2\\x80\\xa6.\\xe2\\x80\\x9d \\nDuring the summer after his freshman year, he writes, he was attracted to a fellow student (referred to in his book as \\xe2\\x80\\x9cAndrew\\xe2\\x80\\x9d), \\xe2\\x80\\x9ca blond, blue-eyed dreamboat of the Brad Pitt variety\\xe2\\x80\\xa6\\xe2\\x80\\x9d while they both worked with CalPIRG (the California Public Interest Group). \\n\\xc2\\xa0"""
"269","1","""Romney Steps In It With Gay Marriage Line\\n\\nVia Buzzfeed, which missed something of an attack angle from the right in this short Romney riff on gay marriage. Romney says he wanted to stop the gay marriage ruling so it didn't go across the country. \\n\\nToo bad he wasn't thinking that way when he implemented the model for Obamacare at the state-level as Romneycare, huh? Or, was he...?\\n\\nvideo of Romney.....\\n\\nhttp://www.youtube.com/watch?feature=player_embedded&v=rfpN_UWm_5A\\n\\nDan Riehl"""
"270","1","""You are welcome Nikky!"""
"271","1","""@JonKlimasIsNOT_A_BRONY\xa0\xa0http://imgur.com/r/funny/UUgKV"""
"272","0","""Is it just me, or can I not watch anything on this website anymore. I've tried several different computers and they all say the same thing, that's there's an error on #2048"""
"273","1","""shit quality. need better rip. ug its so hard to find high quality hard trance"""
"274","1","""Well your Buckwheat Obama would qualify fagg0t"""
"275","1","""Who cares now that we now that the gs3 is coming out . Fuck the evo"""
"276","0","""\\xc2\\xa0You'll find that the majority of individuals posting here are of the opinion that republicans/plutocrats by-and-large pick and choose which laws hold value. It's likely only those laws that control someone else's behavior.\\n\\nIn your vernacular go fuck yourself and clean the slime you leave all the way back to Fucks News asshole."""
"277","1","""More than half of living Medal of Honor Recipients have endorsed Romney"""
"278","1","""@cde2529cb2286129f8c64da529eb1620:disqus : Gunjan di...plzzzzzz mujh se naaraz mat ho :( you are angry coz i thought to close my ff? Di, maybe people don't like it? aur uss larki ne bhi kuch soch samajh kar hi comment kia hoga that my ff is not good :(....ab plz mujh se gussa mat ho......\n\n@ae479ceb1494fc0ba42da261fcea5830:disqus : Sadaf di,aap bhi mujh se gussa ho? plz aap tou gussa mat ho :( actually di, meri koi id nahi hai, aur na hi mein fb per hun.......mein tou comment bhi apni behen ki id se karti hun.....i don't have an id.....aur waise aap ka chat box wala idea bura nahi hai."""
"279","1","""Hmmm new iOS without new hardware to try on? So far iPhone announcements have been done at WWDC in the past numerous times already, unless new iPod touch pops out of no where to demo it, and bring Siri to iPad 3 ! Will see tomorrow how it plays out..."""
"280","0","""amazing eh? talk about gaining experience and considering last year in college he probably only played 25-30 games pretty incredible"""
"281","1","""waiting to hear them say ""BLACK"" huh?........BLACK!! okay ?  Now unhand yourself, go and smoke a cigarette....better, isn't it......you relly should invest in HUSTLER or PLAYBOY"""
"282","1","""Don't you get tennis elbow from jacking off as much as you do? """
"283","1","""The boys at Epic Mealtime must be proud."""
"284","1","""Illegal Cuban Zombies.. Castro's Revenge.. for Sega Genesis only..from Akklaim"""
"285","1","""I feel like Shotime looked inside my dreams and just picked a bunch of random shit out of it to make a show: Sheen, Caplan, sex, period pieces, retro science and sex."""
"286","0","""Fuck Toygers I want a Mutini"""
"287","1","""First off...you do NOT need to be married to make end of life decision, or purchase health insurance together.  So basically you just want to file a joint tax return??\n\nLook, read any of my posts, I am for equal rights for all citizens.  But it pisses me off when you have to make up phony benefits just to explain to some simpleton, religious nut, why you should also have the right to be married.\n\nMarriage is an institituion of the church...so why gays who are so hated by the church...would want to get married is beyond me.  But it should be their right.  A human being is a human being...period!"""
"288","1","""They cant beat spanish players so they are trying these cheap shots..."""
"289","1","""Thanks for demonstraing the idiocy of the bigot. I'm not gay, but support gay marriage. Try and compute that one, dimwit. Your birth certifictae was an apology from the condom factory."""
"290","1","""Where on your body are you planning on getting it?"""
"291","1","""You have my permission to leave."""
"292","1","""I would rather some one with ""blood money""(although the you tube was with out merit) than someone with blood already on their hands like Obama."""
"293","1","""I would slap you silly but clearly you are already there."""
"294","0","""i dont care. I will never agree with you. In a few years we will know. Wait it out"""
"295","0","""If someone were to write a parody of a left-wing\xa0psychopath, it would read an AWFUL lot like this post of yours."""
"296","0","""The difference between your wife and a rooster HoldYourOwn? The rooster says cock-a-doodle doo, your mama says any-cock'll do."""
"297","1","""i got to admit he's hillarous with his facts"""
"298","1","""FUCK YEAH, THE KILLING(is over)"""
"299","1","""and fuckface, in order to be situationally aware one would have to read the blog of last week in its entirety. from the point i called ew stupid and told many why they were wrong, till the point where u faggot started making separate threads discussing my trollness"""
"300","1","""You fake Indian. Jadunath, Bana Singh, Karam Singh are not sikhs sorry I wont tell you - because you are an ignorant idiot. The last name singh is used by Rajputs, Jats from Rajasthan, Haryana UP and Bihar."""
"301","0","""No to be Liverpool manager you must be willing to defend the indefensible"""
"302","1","""The thing that realy scares me, is that we (and by we i mean our security services) have to be lucky 100% of the time. scum like this only have to get lucky once. And how do the Goverment respond? they open our borders to the world and let thoughs who hate us hide behind the (in)-human rights act. Time we acted a bit more like the U.S.A and remove or lock up for life. And i mean LIFE,  ANYONE who wishes to do us harm."""
"303","1","""Jeff Bootstraps Fisher\n\n\nis a troll.\n\n\nanyone feel free to add to what you think of him."""
"304","0","""You really are a funny guy!"""
"305","1","""This.\n\nTravis, Cornell, Boyce--all them nukkas--I will NEVER forget nor forgive them for showing their black asses out.  Fuck them today, fuck them tomorrow, fuck them forever."""
"306","1","""Whops, I meant to say how CA EDD HASN'T screwed the pooch.. because they have, big time."""
"307","1","""How did you know"""
"308","0","""Look her CMYM is falling off ... This song was almost as wack as that Roman in Mosocow or that horrible Massive attack . Sad thing is she don't need the gimmicks . He 15 of fame is up .\\nWayne and them prepping lilttle Twist to get his Raz B role on . This dude dressed up like he about play house with his imaginary friend . He was looking extra fruity in that video wio with busta rhymes. Give the homothugs back their swag!!!!!\\n\\nThhey Drake over here siging like the male Sade and doing hater anthems .\\n They got a gant gang of cats that won't make a single penny off a single record cause nobody kno theses duded or they are plaain trash like ANT Dog , Lilttle CHUCKI, gudda gudda , Jae Mills and prolly a few bums wed don't know about on that booty label.... they prepping like Twist to be the next Rax b ...bet cha by gollywoll..... who's checking for GUDDA GUDDA ?? Ant Dog ?? Nobody ...Nicki will kill this labelwith the wackkness that she been dropping. DRAKE TRYING TO BE MALE sade . And glasses malone will NEVER drop a album off Cashmoney .. Bow Wow trying to fit in with a his trash....birdman won't stop rapping until his gold teeth fall out !!!! Plus I'm still tripping off skateboard bloods? Smh .. Tyga a soft cat too... when Jaemill and Glasses malone drop a album I will walk bearefoot on broked glass and feed myself to a alligator!"""
"309","1","""Turn to ESPN Classic if you got it now!\n\nLarry Bird about to be God again.\n\n17 seconds left in the game! ;)"""
"310","1","""Phil: You ignorant impolite, rude slut. Go F**K Yourself.\xa0 Exercising freedom of expression, which you apparent;y are against unless it concurs with your outdated view of the world."""
"311","1","""Notheism:\xa0 Are you serious? How can you say this is ""revenge"".\xa0 The rapist was caught in the ACT.\xa0 I understand your ignorance, but for god sakes, pick up a dictionary."""
"312","0","""The FBI,CIA,DOJ let 6 gaylords bury this country, Thet suck hot dogs"""
"313","1","""Go away you orrible little cretin"""
"314","1","""That's funny, don't care who ya are!"""
"315","0","""How many commenters are you maliciously impersonating tonight, Jack White? \xa0\n\n\n\nEvery single time, Jake. \xa0Every time you maliciously thieve another's identity on this site for the sole purpose of castigating their character, you will be called out on it.\n\n\n\nJack Dale White---- ""DefeatObama"", ""Jake2"", ""JBoboJake"", ""JBoboJake5""--- is the paid political operative responsible for this filth. \xa0 He has maliciously stalked these boards for 3 years, libelously impersonating over 3 dozen individuals--- over 2,000 times--- to degrade and defame their characters and thieve their 1st Amendment rights in this forum.\n\n\n\n\n\nHe impersonates ""Joe"" through:\xa0 http://disqus.com/guest/429500a5a54600958c9c7ac032a37f66/\n\n\n\nHe impersonates me through Disqus profile: \xa0\n\nhttp://disqus.com/guest/5345b08d618e3b24c28ba7f032e9ef1a/\n\n\n\nHe impersonates Lloyd C through Disqus profile:\n\nhttp://disqus.com/guest/768cfabe0589899e2e5c769b742f1fb1\n\n\n\nHe impersonates Gone Fishing through Disqus profile:\xa0\n\nhttp://disqus.com/guest/bf415db24b853866500228e3b7ed3050/\n\n\n\nHe impersonates Party Of No Plans through Disqus profile:\n\nhttp://disqus.com/guest/b38e94fffb28f773740f3031ad23b519/\n\n\n\nHe's impersonating Carl1 with Disqus profile:\xa0 http://disqus.com/guest/96c5fb8607cafbccfddb5df64c19cf9d/\n\n\n\nHe impersonates Sam through: \xa0http://disqus.com/guest/e14db5917a9a6b8db1e2b3b60a59ada5/\n\n\n\nHe additionally creates hundreds, if not thousands, of fake personas to coat these boards with false right wing rage.\xa0\n\n\n\nCurrently writing as ""President Obama"" through Disqus profile:\xa0 http://disqus.com/guest/fed4888d847809871fb723075c346c0b/\n\n\n\nAs ""Moochelle Obama"" through:\xa0 http://disqus.com/guest/1ebc32c259d2b92db8558c827c2fef06/\n\n\n\nAs ""Anti-Lib"" through: http://disqus.com/guest/16e0d64a56b87e28cd7f00ebf32cc1ec/\n\n\n\nAs ""Not Jake or Jack"" through:\xa0 http://disqus.com/guest/7c1ff426e767c2e098e317fa8446755d/\n\n\n\nAs ""Monica""\xa0 through:\xa0 http://disqus.com/guest/ae869fcb762589d1990f77ec79086493/\n\n\n\nPlease call or email The Hill's Comment Moderator, Mr. Emmanuel Touhey, to INSIST that The Hill finally stand by the Terms and Conditions that they established to guide the rules for order here--- which Mr. White has outright said he will NEVER follow unless prosecuted by law.\n\n\n\nWhile the defamation case progresses against him, please call or email the moderator to get Mr. Jack Dale White evicted from this site for all that he has done to burn this site's dignity to the ground.\n\n\n\nEmmanuel Touhey, Comment Editor\n\n(202) 628-8500\n\nemmanuel.touhey@thehill.com\n\n\n\nAnd the lawyer to whom The Hill egregiously throws all complaints about Mr. White in order to avoid having to deal with them:\xa0\n\n\n\nMr. Jeremy Feigelson\n\n(212) 909 6000\n\njfeigelson@debevoise.com\n\n\n\n\n\n""All that is necessary for the triumph of evil is that good men do nothing."" \xa0 \xa0 \xa0 \xa0 \xa0 \xa0 \xa0 \u2013 Edmund Burke\n\n\n\nDO something."""
"316","1","""\xa3220 billion - well at least we covered the cost of the bonuses.\nIf anyone - yes, anyone including anyone off the dole - had invested \xa3220 billion at a modest 5% they would have earned \xa35.5 billion. Now remind me what Bob Diamond made to justify his \xa310 million salary?\nOur banking system is a ponzi scam."""
"317","1","""Why don't you just ignore this"""
"318","1","""At least you're sticking to your guns.<br>"""
"319","1","""Beautiful, freecheese, just beautiful!\n\nA poetic verse of knowledge and wisdom - it should be posted in the Congressional chambers."""
"320","1","""madonna is the world's best singerr for everrrrrrrr and everrrrrr\n\xa0go fuck yourself you stupid ugly copy cattttt \nbillboard listed madonna #2 only after the beatles the gretest singer of all time so gaga and little monsters go fuck yourselvesss ha ha ha ha youre copy cat will never reach any thing like this ha ha ha ha"""
"321","1","""@SaintMarty Kovachoo was playing tonight?"""
"322","1","""The only fun games for Kinect are Dance Central or some mindless party game when you have people over and you are all drinking.  Nothing else about Kinect is fun."""
"323","1","""You are a piece of shit mr e=mc2!!\xa0\xa0 I hope you get shot in the face next time you and your fellow gang members break into someone else house.\xa0 SCUMBAG!!!"""
"324","0","""Are you retarded faggot?? lol\n\nIf you are blind and dont use widgets, then that doesnt mean everyone else doesn't use them. Widgets is one of the reasons people like android and prefer it agains iOS. You can have any types of widgets, for weather, seeing your twitter and stuff .. and on ios you scroll like an idiot like a minute, and when you finally found the apps you still have to click a couple of times before you see what you need.\n\nAndroid 2:0 iOS ;]"""
"325","0","""Regardless. They can't ban you for something other people are doing."""
"326","0","""fucking russians"""
"327","0","""Hey all,\u2028I scream like a b!tch because my daddy has his balls up my ass.\nIf I can sound like a bigger p-ssy drip, let me know, since I'm too fcking stupid to understand when everyone called me a litlle b-tch for talking stupid about Kelly Thomas. I hijack a screen name and post as GROWAPAIR, LOL losers\u2028.\u2028I'm Boyle Heights Citizen--THE ORIGINAL INTERNET PUS$Y, here with never anything to say but to be a brain dead ass breath, I will lick the ass of anyone who calls me GROWAPAIR, he called me out as the ball sniffing chicken punk I am, so I hijack his screen name to show I'm a lowlife sh-thole loser hiding with my daddy's balls up my ass."""
"328","1","""Ron Paul isn\\'t looking to ""win"" the nomination.\\xc2\\xa0 He is trying to get enough delegates so that he can gain a seat on and have some influence over the GOP platform committee.\\xc2\\xa0 Like his supporters, he would like to see his budget plan adopted as the GOP budget plan.\\xc2\\xa0 It will save $1 trillion in the first year alone and pay our debt off in less than a decade instead of the centuries the status quo parties want. He wants the NDAA repealed, which will return our 4th, 5th, and 10th Amendment rights to ALL Americans.\\xc2\\xa0 He wants the failing unConstitutional departments and agencies phased out and the power of those agencies and departments returned to the states where they rightfully belong.\\xc2\\xa0 Not only do those states already have duplicates of those departments\\xc2\\xa0and agencies up and running, they had them before the feds ever stuck their noses into the\\xc2\\xa0business the Constitution\\xc2\\xa0clearly states belongs to the states, but the state run departments and agencies were not only successful, they are far cheaper to run.\\xc2\\xa0 Ron Paul also believes that the number one job of the federal government is to provide the military protection\\xc2\\xa0for common defense of all the states.\\xc2\\xa0 He would like to see military pay raised so that a large section of the non-com\\xc2\\xa0personnel don\\'t fall in the category of qualifying for food stamps and welfare, but aren\\'t allowed to receive it because they are ""government personnel.""\\xc2\\xa0 He wants our weapons and technology brought up to and maintained as the best in the world.\\xc2\\xa0 He believes that congress must DECLARE war before our military can be sent into harm\\'s way, instead of having some idiot like odumbo go to the UN to get their blessing to blow billions on an unConstitutional w a r - Libya.\\xc2\\xa0 He want the US out of the UN and the UN out of the US.\\xc2\\xa0 The UN is more corrupt than Chicago politics and costs\\xc2\\xa0American taxpayers even more.\\xc2\\xa0 The\\xc2\\xa0Un is the most anti American organization in the world.\\xc2\\xa0 The billions of $$$\\'s\\xc2\\xa0we send them every year go straight into the pockets of the corrupt diplomats and the dictators who send them to the UN.\\xc2\\xa0\\xc2\\xa0That is what Ron Paul is hoping to achieve with his candidacy.\\xc2\\xa0 Why don\\'t you do a little research on Ron Paul instead of swallowing the status quo parties\\' BS lies they\\'ve been spewing.\\xc2\\xa0\\xc2\\xa0"""
"329","0","""jay is a bitch w no clue fuck that weak nigga. he probably got slept like that before"""
"330","1","""Our concern is the deception and lack of candidness. Accuser Larry Sinclair, challenged Obama to submit to a polygraph test. Barack H U S S E I N \\xc2\\xa0Obama refused. What would happen if Barack H U S S E I N \\xc2\\xa0Obama is gay and he is blck mailed? It could jepardise the security of the US!"""
"331","1","""YO MORON,&nbsp; GET YOUR POPPY COCK BACK TO BED, ITS 330 IN THE MORNING , NOBODY WITH ANY INTELLIGENCE IS GONNA SIT HERE AT 3 AM AND LISTEN TO YOU WHINE WHILE SMOKING YOUR CRACK AND LICKING POSTAGE STAMPS WITH DEAD DRUG ADDICTS ON THEM WHILE YOU LOSE ANOTHER 3.2 BILLION THIS MONTH,&nbsp; GET A LIFE OR JUST ADMIT THAT YOU ARE DENYING A VILLAGE SOMEWHERE OF AN IDIOT.&nbsp; BRILLIANT!"""
"332","1","""espn ranked him #1 best player in nba"""
"333","0","""Cadge me a fin.\xa0I'll pay you back."""
"334","1","""""isane""? Republicans want to cut funding for education. You must like that idea..."""
"335","1","""Credit 2 the photographer ,4 using a wide angle lens 2 get his ears on the photo....."""
"336","0","""Please reply about Israel's nuclear weapons. Do you deny that they exist"""
"337","1","""Most bankruptcies take months or years to resolve.  GM's took a few days."""
"338","1","""i think liam you should watch pat condell and maybe learn abit more about this faith......................."""
"339","1","""I just Laugh at some of you trolls saying Weaver faked it. It just shows how little you know about baseball or sports in general. I bet you have never even picked up a baseball in your life"""
"340","1","""Oh at least the military WORK for their money how about all those on public assistance who won't work, don't work who just suck America dry collecting their welfare checks.\\xc2\\xa0 Why can't we cut them?"""
"341","0","""oo shit nice :D"""
"342","1","""Stick to Santorum.  Your obsession with his wife makes you look like an ass.\\n\\nThere is plenty to pick on with him.  He is as big a freak as you are"""
"343","1","""You know you're struggling when Descalso hits a homer off of ya.....yikes!"""
"344","1","""Hey, that's an insult to my religious beliefs.\n\nMake fun of Santa and Jesus all you like, but HL3 is prophesied in the sacred Valve Scrolls."""
"345","1","""Oh bore off you Stupid twat !"""
"346","1","""None of that has to do with class\nListen to Serena--classless--horrible human being\nNadal does give his opponent credit--unlike Serena."""
"347","0","""jackson and westbrook together worked well i thought, funny cause maynor and westbrook never worked all that well in the few minutes weve seen it"""
"348","1","""dan_amd\n\n\n\n\nYou have realy no clue on every single idiotic comment of all your posts.\nWE ALL DON'T enjoy your stupid PRO AMD B:U:L:L:S:H:I:T ignorance.\nPlease crawl back then in the fat ass of your gay loving buddy charlie\ndemerjian semiinaccurate and try to find the light inside - U stupid FAG!\n\n\n\n\nWE REALY DON'T NEED AND WANT YOUR POST HERE ANYMORE!"""
"349","0","""Then don't watch it loser."""
"350","1","""Gee whiz ryan is your dik that small? Maybe you should invest in some of that dik extender instead of a new computer. You are nothing but a keyboard warrior."""
"351","1","""Go suck gay boy Brocks filthy-cock."""
"352","0","""It is one of the few things the Federal Government is Constitutionally SUPPOSED to pay for."""
"353","1","""Well, it will be hard for Iran to claim Israel is responsible for one of these attacks. The purpetrator blow himself up and was cooperative enough to bring his passport to prove he is Iranian. These countries, especially India should rethink their relationship with Iran and cooperate with the sanctions. Buying oil from a state that sponsors terrorism will only lead to more problems for all. It does prove to anyone objective person or nation who had any doubts previously that the Iranian Regime is engaged in lies and deception, both in their involvement in terrorism and concerning their Nuclear Program."""
"354","1","""Truer words have seldom been spoken. You are the voice of reason."""
"355","0","""Or a flaming queen like Gheyrooster!"""
"356","1","""Co je to za stupidn\xed ot\xe1zka !!!!\nTo nen\xed nic lep\u0161\xedho, praktick\xe9ho, aktu\xe1ln\u011bj\u0161\xedho,kritick\xe9ho,moralizuj\xedc\xedho atd.........\nBernard z Moravy"""
"357","1","""Definition of WRESTLING stupidity...take the most gifted and technically sound female WRESTLER you have and make a joke of her in a backstage skit about farting. Am I the only person that thinks it's time for a mass firing in the Creative Team much like WWE does with their talent that aren't performing to expectations? If it happened 3 times a year with the staff like it does with the talent you can pretty much guarantee these guys would get their heads out of their asses and put better material on TV than this."""
"358","1","""Get Gungnir and Growlanser: Wayfarer of Time and you'll be touching your PSP all summer."""
"359","0","""Can you show a photo of her being fat?"""
"360","1","""Your pussy. Stop hitting woman and fight me bitch ass nigga"""
"361","1","""Thanks for your service, man. You're looking very good. When's your next leave? ;)"""
"362","1","""You have suck a knack for the spoken word!"""
"363","1","""Have you had this yourself?"""
"364","0","""i refuse to comment on a nigga hairline who is worth 9 figures might be 10 b4 its over with can fuck yo bitch and make yo watch with that kind of money that nigga can grow a s curl and still do what he wants with that kind of money"""
"365","0","""What is the basis for your argument? \xa0It surely can't be solely the misplaced 'only'. \xa0Have your children had bad experiences in American Schools? \xa0I ask simply because you must be practically an expert on education in the United States in order to make your comments with such confidence."""
"366","1","""The American commerce system runs on sex. It's used to sell everything from condoms to condominiums. You'd think, the party of Big Business, would recognize this and not try and kill the golden goose, (or choke the golden chicken, as it were.)"""
"367","0","""I know thanks for pulling them."""
"368","1","""O.o some of you fucks who post in this board are retarded. The Waste are fucking awesome! And that show was sick! Fucking internet troll pricks."""
"369","0","""Well, ""all eternity"" is stretching it a bit... future inhabitants (if they can still read) will be puzzling over a few broken stones, and wondering, ""Who the Zhark was Elvas Priestley, and who was this Elmer Schmurd who followed him?"""""
"370","0","""Victor Moore you are one dumb ass writher or you are smoking some bad crack. WTF suck hawks nock off the NINERS. WTF. dude buy some good coke. Stay off that bad shit...DUDE are you hanging with Bobby Brown. Dang...."""
"371","1","""just follow the CAP words and you will find the way.\ngp53132 is out standing AT the roadside in the HOT sun waiting for the MAIL to .COMe bringing new friends to the group."""
"372","1","""Yeah same here. \xa0He seriously turns me the fuck on everytime I watch one of his videos."""
"373","1","""What a very\xa0fulfilling life you have at 33 - trolling other teams' sites to talk trash."""
"374","1","""LOL you failed as well....People need to learn to stop correcting others for a minimal grammatical error considered irrelevant, because, as can be seen by the lack of ""be"" in ""\nso it would easier"", we all make mistakes, we are humans, and most regular individuals don't give importance to typing correctly on the internet, unless you are a super grammar nazi."""
"375","0","""I'm longing for a secular humanist President."""
"376","1","""Respectfully, I think you're wrong Alain. It is genetic. If physiological traits are determined by race, then what is so far-fetched about that notion that psychological/intelligence traits (IQ, future-time orientation, delayed gratification) are also genetically predetermined?\n\nLet's cut the horseshit. 20th Century.....\n\nWASPs = civilization, art, literature, science\n\nAsians\xa0 = civilization, art, literature, science \n\nNegroids = primitive tribal culture, still living in mud huts, no written language"""
"377","0","""Spot on!  The whole thing hangs on perpetuating human fear of death.  Without that, there is no need for any of the superstitions, mumbojumbo, or christcult b/s."""
"378","1","""he ain't nothing but a hound dog"""
"379","0","""yes, but now you are just a moron!"""
"380","1","""Your Teabilly slutchild is just as ignorant as her mother.\nYou people are the trailer trash of America."""
"381","0","""And\xa0 cover your wallet."""
"382","0","""You and your sarcasm."""
"383","1","""Oscar did the right thing so shut the fuck up that asshole dont have any right to hit him like that over a ball. I hope Oscar went over there and put that ball right up\xa0Joe\xa0Jackson \xa0ass."""
"384","1","""Double retard for you."""
"385","0","""Apple products=computer stuff for people too stooopid to use PC and Android"""
"386","1","""THE FA NEED TO LOOK CLOSELY AT THE VT ITS A 3 GAME BAN BALOTELLIS NOTHING BUT TROUBLE !"""
"387","1","""Yes, flag yourself for being offensive."""
"388","0","""You are FINALLY starting to talk like a real guru."""
"389","0","""Thank you for your comment! :) Sorry to hear about the banking soda...let me know how everything is going! Keep in mind you can post a picture in your comment on here as well if you would like to do that!"""
"390","0","""do the research, I'll bet you don't know jacksquat about obies past."""
"391","0","""Peter,\nYou are quite the idiot.\xa0 Are you really this clueless or are you foolishly letting your liberal bias dictate your writings?"""
"392","1","""Do you know any kindergarten or elementary school teachers?\\nThey'll tell you people are born gay.\\xc2\\xa0 I can't believe I'm even engaging in this argument"""
"393","1","""Who cares, the Bush terror completely failed where Obama succeeded."""
"394","1","""To add this silly insult to injury and mask over it by calling for a debate on 'dignity at work in Parliament' with the undignified reputation these MPs have earned theirselves in recent past is hardly very fitting.\\n\\nNo wonder the country is the way it is with this sexless old bat calling the tune on such trivial matters at times when more pressing issues need addressing."""
"395","1","""If we glorified rapists and made them sound all heroic would it become a RIGHT to be who they are? That's how they were born. They didn't choose to be that way they just are so they should have the RIGHT to rape any man woman child or animal. """
"396","1","""You are under illusions - dream on."""
"397","0","""Hey, I have never in my life ever ,, hit a woman. But I can tell you right now, my - ex wife - can not say the same for men lol. Talk about a nasty mean a s s e d temper lol. But she looks so sweet no one would ever ,, suspect it of her . So blow it out your po op sh oo t\\xc2\\xa0 - truemorth - lol\\n\\xc2\\xa0"""
"398","1","""Thought there was another race for a minute there."""
"399","1","""Up to a jury, dont you think?\n\nWould have been nice to see the horse groomer have the same\xa0privilege of a court system."""
"400","1","""They do that. Even on channels with old tv shows. S01/Ep2. (1960) for example."""
"401","0","""I don't want to lease Hamels for one season.&nbsp; No way Angelos pays for him next year.&nbsp; And we will already have 3 lefties in the rotation come mid-June.<br>"""
"402","1","""And, as usual, you're blaming the wrong person. I'm just a voter and have nothing with the decisions that any politician makes regardless of party affiliation."""
"403","1","""Really? Police wouldn't use tear gas on a white man wanted for 3 counts of capital murder? You are such a fool."""
"404","1","""You don't know much about the 90s housing policy, do you?"""
"405","1","""Dick Cheney lied about Atta! \xa0 Now this is NEWS!\xa0 Actually most of this was confirmed a long time ago, and nearly everyone who read any of the books on Cheney knew.\xa0 The only thing that is confirmed is that he intentionally lied and there is a paper trail that shows he intentionally lied.\xa0 and this is why he should have been put under oath when they did the 9-11 investigation.\xa0 Then we could get this bastard for perjury.\xa0 Maybe this will keep him and his ignorant daughter off the television machine for a while but I seriously doubt it.\xa0 These people have no fucking pride whatsoever!\xa0 He'll probably be campaigning with Romney next week somewhere!"""
"406","0","""burr-headed, purple lipped Kenyan?????\xa0 are you a human or a right wing asshole.\xa0 go back under your bridge."""
"407","0","""Great post Dan, what an amazing story.  You did the right thing.  I know i have an experience just can't think off the top of my head.   I think what you did was pure kindness.  Some people may not have stopped and even talked to her.  Im sure where ever she is i know she is telling the same story about how an amazing guy called and helped her.  She may be wondering how you are.  I guess the best part of life is not getting credit but just doing good deeds and just moving on.  Very awesome Dan."""
"408","1","""I wish you could smell it just by clicking on it. ;)"""
"409","0","""Fuck this...something will be on youtube later and photos will be on Gillian Anderson's website I'm sure."""
"410","1","""joseywhales, thank you kindly for proving my point.\xa0 You have no actual information to present just insults.\xa0 Thanks for the entertainment."""
"411","0","""yup gang of little nigglet thugs"""
"412","1","""Where, exactly? You are questioning logic without an argument."""
"413","0","""It's built like a brick shithouse!"""
"414","1","""White people invented taco bell you ignorant fuck, you dumb as this nigger in the video. And I aint no fucking wetback, wetbacks are mexicans who swam across the border i was born and raised in san jose california so fuck you and by the way i like peanut butter and cell phones so stick a burrito up your ass im sure thats the only way YOU can enjoy it"""
"415","0","""Scusa non ho capito, che festa?"""
"416","0","""Honey, get some brains because quite obviously you didn't read everything I said. Reread it, and if you still have the same crap to say, then and by the way, I am a grown woman. Not a little boy, you racist, stereotypical, bored-ass, son of a bitch, who has a lower IQ than my dumb ass dog. You haven't had to live the life of a minority so pull your head out of your ass, get some REAL research-like maybe live like us minorities have to-and then go realize how good you have it, you white-ass rich kid bastard. And good job by the way, you threw some big words in there to make you sound intelligent, too bad your argument still sucks."""
"417","1","""ight kool...dont u know d shit u be saying would fuck u up some day,,watch and see my nigga..enough said"""
"418","1","""NO THEY AREN'T.  ONLY YOU AND YOUR 5 NAMES"""
"419","1","""Are you proud of your trolls?"""
"420","0","""LMAO. Do people who hate gays and lesbians really think protesting will get us to stop having kids and being a family?? You serious?? Its funny how everyone quotes the bible but it also says DIVORCE is a sin, BEING A DRUNKARD is a sin, BEING A BASTARD is a sin, CHEATING IS A SIN. Have you idiots not read the 10 commandments?? Those are ALL ABOMINATIONS! You anti-gay homophobes are so ignorant. Karma is a bitch. You just wait and see, haters."""
